feature,dom_tau,mean_abs_delta,n_pairs_flip25,n_pairs_flip50,push_lr_delta,push_lr_flip,push_lr_top1,pull_lr_delta,pull_lr_flip,pull_lr_top1,cam_lr_delta,cam_lr_flip,cam_lr_top1,move_ud_delta,move_ud_flip,move_ud_top1,cam_ud_delta,cam_ud_flip,cam_ud_top1,obj_cam_delta,obj_cam_flip,obj_cam_top1,obj_obj_delta,obj_obj_flip,obj_obj_top1,cam_appr_delta,cam_appr_flip,cam_appr_top1,fall_speed_delta,fall_speed_flip,fall_speed_top1,spin_stop_delta,spin_stop_flip,spin_stop_top1
feat04562,speed,0.884,2,1,0.435,0.0,0.0,-0.007,0.042,0.0,0.202,0.0,0.0,-1.255,0.208,0.042,4.93,0.667,0.208,0.373,0.042,0.0,-0.505,0.083,0.0,-0.427,0.0,0.0,0.488,0.042,0.0,-0.219,0.292,0.042
feat01321,vel_y,0.86,1,1,0.191,0.0,0.0,-1.48,0.083,0.0,-4.944,0.75,0.25,0.319,0.125,0.0,0.464,0.083,0.0,-0.038,0.0,0.0,-0.514,0.083,0.0,-0.323,0.0,0.0,0.228,0.042,0.042,0.098,0.167,0.083
feat00950,vel_x,0.848,1,1,-0.048,0.0,0.0,-0.732,0.042,0.0,-4.393,0.583,0.167,0.011,0.0,0.0,0.741,0.083,0.0,1.032,0.125,0.0,-0.541,0.083,0.0,0.414,0.0,0.0,-0.504,0.083,0.042,0.064,0.167,0.083
feat02818,speed,0.762,2,1,0.852,0.042,0.0,0.271,0.042,0.0,0.15,0.0,0.0,0.408,0.125,0.0,-0.718,0.083,0.0,-0.523,0.083,0.0,0.337,0.083,0.0,-0.667,0.0,0.0,2.885,0.625,0.5,0.809,0.375,0.208
feat00250,vel_x,0.739,1,1,0.152,0.0,0.0,-0.086,0.042,0.0,0.386,0.0,0.0,0.032,0.042,0.0,0.017,0.042,0.0,-0.261,0.042,0.0,0.428,0.083,0.0,-0.25,0.0,0.0,0.869,0.167,0.042,4.914,1.0,0.667
feat03968,vel_x,0.72,2,1,0.3,0.0,0.0,0.595,0.042,0.0,-4.161,0.542,0.167,-0.331,0.083,0.042,0.049,0.042,0.0,0.273,0.042,0.0,-0.043,0.042,0.0,-0.234,0.0,0.0,0.339,0.042,0.042,-0.87,0.417,0.042
feat05077,vel_x,0.715,1,1,-0.487,0.042,0.0,0.476,0.042,0.0,0.828,0.0,0.0,-0.628,0.125,0.042,-0.017,0.042,0.0,0.135,0.0,0.0,0.111,0.042,0.0,0.896,0.0,0.0,-3.425,0.667,0.5,0.15,0.167,0.083
feat00214,vel_x,0.709,2,1,-0.337,0.0,0.0,-0.755,0.042,0.0,4.85,0.708,0.625,0.01,0.0,0.0,-0.016,0.042,0.0,-0.027,0.0,0.0,0.126,0.042,0.0,-0.21,0.0,0.0,0.242,0.042,0.042,-0.519,0.333,0.0
feat04665,vel_y,0.621,2,1,-0.16,0.0,0.0,-0.029,0.042,0.0,-0.043,0.0,0.0,0.147,0.083,0.0,-4.948,0.792,0.333,-0.027,0.0,0.0,0.16,0.042,0.0,-0.02,0.0,0.0,-0.333,0.042,0.042,-0.34,0.333,0.042
feat04254,speed,0.618,2,1,0.225,0.0,0.0,0.302,0.042,0.0,0.601,0.0,0.0,0.607,0.125,0.0,-0.48,0.042,0.0,-0.397,0.083,0.0,-0.393,0.083,0.0,0.041,0.0,0.0,2.445,0.625,0.458,-0.685,0.375,0.125
feat00294,vel_x,0.612,2,1,0.292,0.0,0.0,-0.215,0.042,0.0,4.58,0.542,0.167,-0.086,0.0,0.0,0.024,0.042,0.0,0.072,0.0,0.0,0.303,0.083,0.0,0.3,0.0,0.0,-0.024,0.042,0.042,-0.223,0.292,0.042
feat01262,vel_x,0.541,2,1,0.007,0.0,0.0,-0.213,0.042,0.0,-0.028,0.0,0.0,-0.117,0.042,0.0,0.387,0.042,0.0,-0.554,0.083,0.0,-0.68,0.083,0.0,-0.556,0.0,0.0,2.146,0.542,0.458,0.723,0.333,0.167
feat04416,vel_y,1.147,1,0,1.297,0.125,0.0,2.916,0.208,0.167,3.208,0.167,0.042,-0.367,0.083,0.042,0.623,0.083,0.0,-0.951,0.125,0.0,-1.324,0.083,0.0,-0.327,0.0,0.0,0.196,0.042,0.0,0.262,0.292,0.125
feat04280,vel_y,0.941,2,0,0.322,0.0,0.0,0.38,0.042,0.0,0.385,0.0,0.0,1.02,0.208,0.0,-3.455,0.25,0.0,-0.031,0.0,0.0,1.584,0.083,0.0,1.343,0.042,0.0,0.596,0.125,0.042,0.298,0.292,0.083
feat03309,vel_x,0.821,2,0,-0.95,0.042,0.0,-1.461,0.083,0.0,0.076,0.0,0.0,0.659,0.125,0.0,0.062,0.042,0.0,-0.275,0.042,0.0,-3.038,0.375,0.125,0.037,0.0,0.0,0.712,0.125,0.042,0.944,0.417,0.125
feat00394,vel_x,0.791,0,0,0.045,0.0,0.0,0.543,0.042,0.0,0.778,0.0,0.0,-0.608,0.125,0.042,0.369,0.042,0.0,-1.674,0.125,0.0,0.361,0.083,0.0,-3.204,0.083,0.042,0.309,0.042,0.0,-0.016,0.167,0.083
feat00978,vel_x,0.789,2,0,0.322,0.0,0.0,0.156,0.042,0.0,-0.819,0.0,0.0,1.672,0.333,0.083,2.595,0.167,0.0,0.571,0.083,0.0,0.011,0.042,0.0,0.129,0.0,0.0,1.28,0.167,0.083,-0.33,0.333,0.125
feat01699,vel_x,0.726,0,0,-0.411,0.0,0.0,-0.367,0.042,0.0,-1.492,0.0,0.0,0.727,0.167,0.0,2.444,0.167,0.0,-0.226,0.042,0.0,-0.095,0.042,0.0,0.817,0.0,0.0,0.605,0.125,0.042,-0.077,0.167,0.0
feat03672,speed,0.657,1,0,-0.75,0.042,0.0,0.291,0.042,0.0,1.445,0.0,0.0,-0.639,0.125,0.042,-0.758,0.083,0.0,-0.48,0.083,0.0,0.51,0.083,0.0,-0.142,0.0,0.0,-0.731,0.125,0.0,0.822,0.375,0.083
feat04196,vel_y,0.633,1,0,-0.002,0.0,0.0,-0.4,0.042,0.0,-0.267,0.0,0.0,0.11,0.083,0.0,4.166,0.417,0.125,0.465,0.083,0.0,-0.206,0.083,0.0,-0.385,0.0,0.0,0.248,0.042,0.042,-0.082,0.208,0.0
feat05987,vel_x,0.608,2,0,-0.821,0.042,0.0,-0.859,0.042,0.0,0.599,0.0,0.0,-0.165,0.083,0.042,-0.565,0.083,0.0,0.203,0.0,0.0,0.143,0.042,0.0,0.519,0.0,0.0,-1.526,0.375,0.167,0.676,0.333,0.167
feat03819,speed,0.596,1,0,-0.561,0.042,0.0,-1.466,0.083,0.0,0.594,0.0,0.0,0.824,0.167,0.042,0.981,0.125,0.0,-0.077,0.0,0.0,-0.674,0.083,0.0,-0.009,0.0,0.0,-0.134,0.042,0.0,0.639,0.333,0.208
feat05216,direction,0.574,0,0,-0.534,0.042,0.0,-0.624,0.042,0.0,-0.86,0.0,0.0,0.788,0.167,0.042,-0.547,0.083,0.0,0.926,0.125,0.0,0.572,0.083,0.0,0.364,0.0,0.0,-0.488,0.125,0.042,0.034,0.167,0.125
feat01544,vel_y,0.55,2,0,-0.325,0.0,0.0,-0.135,0.042,0.0,-0.36,0.0,0.0,-0.659,0.125,0.042,0.248,0.042,0.0,-0.132,0.0,0.0,-2.236,0.25,0.042,-0.146,0.0,0.0,0.684,0.125,0.042,0.573,0.333,0.083
feat03471,vel_x,0.546,1,0,-0.417,0.0,0.0,0.279,0.042,0.0,0.537,0.0,0.0,-0.322,0.083,0.042,-0.864,0.083,0.0,0.392,0.042,0.0,0.313,0.083,0.0,0.472,0.0,0.0,-1.126,0.167,0.083,0.741,0.333,0.125
feat05228,vel_y,0.532,1,0,-0.012,0.0,0.0,0.078,0.042,0.0,-0.088,0.0,0.0,0.29,0.083,0.0,-0.225,0.042,0.0,0.389,0.042,0.0,0.548,0.083,0.0,3.213,0.083,0.0,0.148,0.042,0.0,0.326,0.292,0.083
feat03150,speed,0.511,1,0,-0.939,0.042,0.0,-0.7,0.042,0.0,-0.333,0.0,0.0,1.038,0.208,0.0,0.14,0.042,0.0,0.559,0.083,0.0,0.267,0.042,0.0,-0.026,0.0,0.0,0.682,0.125,0.042,-0.422,0.333,0.042
feat04796,speed,0.509,0,0,0.152,0.0,0.0,-0.126,0.042,0.0,0.764,0.0,0.0,0.672,0.167,0.042,1.549,0.125,0.0,-0.494,0.083,0.0,-0.064,0.042,0.0,0.33,0.0,0.0,0.865,0.125,0.042,0.071,0.167,0.083
feat03735,vel_x,0.492,1,0,0.5,0.042,0.0,-0.069,0.042,0.0,-1.215,0.0,0.0,-0.287,0.083,0.042,0.399,0.042,0.0,0.451,0.083,0.0,0.225,0.042,0.0,0.29,0.0,0.0,0.867,0.167,0.083,0.616,0.333,0.208
feat05866,speed,0.474,1,0,0.409,0.0,0.0,-0.064,0.042,0.0,0.353,0.0,0.0,-0.186,0.083,0.042,-0.858,0.083,0.0,1.333,0.125,0.0,0.04,0.042,0.0,-0.058,0.0,0.0,1.073,0.167,0.083,-0.371,0.333,0.167
feat04904,vel_x,0.463,1,0,-0.377,0.0,0.0,0.717,0.042,0.0,-0.239,0.0,0.0,-0.382,0.125,0.042,0.344,0.042,0.0,0.171,0.0,0.0,-1.609,0.125,0.083,-0.008,0.0,0.0,0.12,0.042,0.042,-0.667,0.333,0.125
feat05179,vel_x,0.45,1,0,0.007,0.0,0.0,-1.456,0.083,0.042,0.162,0.0,0.0,0.476,0.125,0.042,-0.065,0.042,0.0,0.063,0.0,0.0,-0.977,0.083,0.0,0.016,0.0,0.0,0.225,0.042,0.042,1.056,0.417,0.292
feat01230,speed,0.437,2,0,0.605,0.042,0.0,0.169,0.042,0.0,0.303,0.0,0.0,-0.046,0.0,0.0,-0.39,0.042,0.0,0.033,0.0,0.0,2.257,0.25,0.0,0.314,0.0,0.0,0.025,0.042,0.0,0.227,0.25,0.083
feat02825,direction,0.435,1,0,-0.329,0.0,0.0,-0.219,0.042,0.0,-0.811,0.0,0.0,0.222,0.083,0.042,0.991,0.125,0.0,0.218,0.0,0.0,-0.189,0.083,0.0,0.647,0.0,0.0,0.476,0.042,0.042,-0.25,0.292,0.125
feat00939,vel_x,0.428,0,0,0.156,0.0,0.0,0.476,0.042,0.0,-1.77,0.042,0.0,-0.023,0.0,0.0,0.134,0.042,0.0,-0.376,0.042,0.0,-0.216,0.042,0.0,-0.248,0.0,0.0,0.809,0.125,0.042,-0.075,0.167,0.083
feat01778,vel_x,0.426,0,0,-0.817,0.042,0.0,-0.596,0.042,0.0,0.002,0.0,0.0,0.98,0.208,0.0,-0.315,0.042,0.0,0.179,0.0,0.0,-0.728,0.083,0.0,0.125,0.0,0.0,0.401,0.042,0.0,0.116,0.167,0.083
feat02191,speed,0.416,1,0,0.342,0.0,0.0,-0.571,0.042,0.0,-0.383,0.0,0.0,0.091,0.083,0.042,-0.53,0.042,0.0,0.548,0.083,0.0,-0.72,0.083,0.0,0.085,0.0,0.0,-0.531,0.125,0.083,-0.355,0.333,0.083
feat01576,vel_x,0.405,0,0,-0.99,0.042,0.0,0.542,0.042,0.0,0.594,0.0,0.0,0.284,0.083,0.042,0.447,0.042,0.0,0.136,0.0,0.0,-0.261,0.083,0.0,-0.29,0.0,0.0,0.41,0.042,0.042,-0.094,0.167,0.083
feat01919,vel_x,0.403,0,0,0.381,0.0,0.0,0.178,0.042,0.0,-0.655,0.0,0.0,0.965,0.208,0.042,0.386,0.042,0.0,-0.244,0.042,0.0,0.299,0.083,0.0,-0.115,0.0,0.0,0.636,0.125,0.083,0.167,0.167,0.083
feat04153,vel_x,0.398,1,0,0.092,0.0,0.0,-0.358,0.042,0.0,-0.428,0.0,0.0,-0.055,0.0,0.0,0.21,0.042,0.0,-0.111,0.0,0.0,-0.427,0.083,0.0,0.302,0.0,0.0,0.832,0.167,0.083,1.17,0.458,0.167
feat02952,speed,0.397,1,0,-0.653,0.042,0.0,-0.04,0.042,0.0,0.716,0.0,0.0,0.113,0.083,0.042,0.309,0.042,0.0,0.02,0.0,0.0,0.168,0.042,0.0,0.449,0.0,0.0,1.016,0.167,0.125,0.487,0.333,0.125
feat06100,speed,0.389,1,0,-0.361,0.0,0.0,-0.008,0.042,0.0,-0.801,0.0,0.0,0.268,0.083,0.042,-0.355,0.042,0.0,-0.455,0.083,0.0,0.171,0.042,0.0,0.291,0.0,0.0,0.869,0.167,0.083,0.31,0.292,0.125
feat05711,vel_x,0.384,0,0,-0.211,0.0,0.0,-0.281,0.042,0.0,1.278,0.0,0.0,-0.196,0.083,0.042,-0.293,0.042,0.0,0.022,0.0,0.0,0.179,0.042,0.0,0.191,0.0,0.0,-0.999,0.167,0.083,0.194,0.167,0.083
feat03519,speed,0.373,1,0,-0.113,0.0,0.0,-0.223,0.042,0.0,0.187,0.0,0.0,-0.085,0.0,0.0,0.067,0.042,0.0,-0.383,0.042,0.0,-0.248,0.083,0.0,0.525,0.0,0.0,1.42,0.208,0.125,0.479,0.333,0.125
feat01365,vel_y,0.371,1,0,-0.353,0.0,0.0,0.084,0.042,0.0,0.428,0.0,0.0,-0.769,0.125,0.042,-0.199,0.042,0.0,0.146,0.0,0.0,-0.295,0.083,0.0,0.121,0.0,0.0,0.618,0.125,0.042,0.7,0.333,0.083
feat04066,vel_x,0.371,1,0,-0.243,0.0,0.0,0.194,0.042,0.0,0.531,0.0,0.0,-0.28,0.083,0.042,-0.394,0.042,0.0,0.066,0.0,0.0,0.632,0.083,0.0,-0.129,0.0,0.0,-0.587,0.125,0.042,0.656,0.333,0.083
feat02491,speed,0.369,1,0,-0.127,0.0,0.0,-0.419,0.042,0.0,-0.529,0.0,0.0,0.425,0.125,0.0,0.593,0.083,0.0,0.041,0.0,0.0,0.357,0.083,0.0,0.448,0.0,0.0,-0.135,0.042,0.0,0.619,0.333,0.125
feat02125,vel_y,0.365,1,0,0.136,0.0,0.0,-0.801,0.042,0.0,1.404,0.0,0.0,0.045,0.083,0.042,-0.082,0.042,0.0,0.069,0.0,0.0,-0.252,0.083,0.0,-0.175,0.0,0.0,-0.302,0.042,0.0,0.384,0.292,0.167
feat05758,speed,0.365,1,0,-0.016,0.0,0.0,-0.022,0.042,0.0,0.262,0.0,0.0,-0.1,0.083,0.042,-0.161,0.042,0.0,0.373,0.042,0.0,-1.038,0.083,0.0,0.573,0.0,0.0,0.626,0.125,0.083,0.484,0.333,0.125
feat02820,vel_x,0.361,1,0,-0.139,0.0,0.0,-0.76,0.042,0.0,-0.4,0.0,0.0,0.173,0.083,0.0,0.287,0.042,0.0,0.254,0.042,0.0,0.353,0.083,0.0,-0.284,0.0,0.0,-0.056,0.042,0.0,0.904,0.417,0.208
feat01345,vel_x,0.357,1,0,0.366,0.0,0.0,0.088,0.042,0.0,-1.77,0.042,0.0,0.324,0.125,0.042,0.061,0.042,0.0,-0.347,0.042,0.0,-0.088,0.042,0.0,0.023,0.0,0.0,-0.117,0.042,0.042,-0.382,0.333,0.167
feat04716,vel_x,0.355,0,0,0.574,0.042,0.0,-0.445,0.042,0.0,-0.102,0.0,0.0,-1.028,0.208,0.042,0.677,0.083,0.0,-0.412,0.083,0.0,-0.024,0.042,0.0,-0.107,0.0,0.0,-0.125,0.042,0.0,0.055,0.167,0.042
feat03809,accel_mag,0.341,0,0,-0.203,0.0,0.0,0.171,0.042,0.0,0.328,0.0,0.0,-0.096,0.0,0.0,-0.168,0.042,0.0,0.715,0.083,0.0,-0.276,0.083,0.0,0.656,0.0,0.0,-0.635,0.125,0.083,0.163,0.167,0.083
feat03927,speed,0.339,1,0,0.832,0.042,0.0,0.448,0.042,0.0,0.236,0.0,0.0,-0.452,0.125,0.042,0.264,0.042,0.0,0.212,0.0,0.0,0.043,0.042,0.0,0.007,0.0,0.0,0.619,0.125,0.083,0.275,0.25,0.083
feat03379,vel_y,0.334,0,0,0.17,0.0,0.0,0.018,0.042,0.0,0.435,0.0,0.0,0.127,0.083,0.042,1.167,0.125,0.042,-0.455,0.083,0.0,-0.436,0.083,0.0,-0.401,0.0,0.0,0.099,0.042,0.0,-0.029,0.167,0.125
feat02736,vel_y,0.333,0,0,-0.055,0.0,0.0,-0.432,0.042,0.0,-0.073,0.0,0.0,0.158,0.083,0.0,0.864,0.125,0.0,0.036,0.0,0.0,-0.65,0.083,0.0,0.446,0.0,0.0,0.546,0.125,0.042,0.069,0.167,0.083
feat02312,speed,0.329,1,0,-0.655,0.042,0.0,-0.748,0.042,0.0,-0.063,0.0,0.0,0.075,0.042,0.0,-0.207,0.042,0.0,0.099,0.0,0.0,0.383,0.083,0.0,0.047,0.0,0.0,0.231,0.042,0.0,-0.786,0.417,0.167
feat04541,vel_y,0.327,0,0,0.197,0.0,0.0,-0.337,0.042,0.0,-0.012,0.0,0.0,-1.143,0.208,0.042,-0.208,0.042,0.0,0.31,0.042,0.0,0.403,0.083,0.0,-0.353,0.0,0.0,0.135,0.042,0.0,0.169,0.167,0.083
feat03714,vel_x,0.321,1,0,0.684,0.042,0.0,-0.354,0.042,0.0,-0.121,0.0,0.0,0.794,0.167,0.0,-0.034,0.042,0.0,-0.177,0.0,0.0,-0.463,0.083,0.0,0.285,0.0,0.0,-0.073,0.042,0.0,0.222,0.25,0.083
feat05472,vel_x,0.32,1,0,0.214,0.0,0.0,0.128,0.042,0.0,1.467,0.0,0.0,0.278,0.083,0.042,0.046,0.042,0.0,0.263,0.042,0.0,0.426,0.083,0.0,0.024,0.0,0.0,0.183,0.042,0.042,0.17,0.25,0.083
feat03883,vel_x,0.313,0,0,0.12,0.0,0.0,0.145,0.042,0.0,0.099,0.0,0.0,-0.319,0.083,0.042,-0.688,0.083,0.042,0.361,0.042,0.0,-0.351,0.083,0.0,0.061,0.0,0.0,0.917,0.167,0.083,-0.069,0.167,0.083
feat04188,vel_y,0.305,1,0,-0.258,0.0,0.0,-0.087,0.042,0.0,-0.014,0.0,0.0,-0.489,0.125,0.042,-0.581,0.042,0.0,-0.508,0.083,0.0,0.263,0.083,0.0,-0.159,0.0,0.0,-0.173,0.042,0.0,-0.514,0.333,0.125
feat03059,vel_x,0.294,1,0,-0.616,0.042,0.0,-0.36,0.042,0.0,-0.114,0.0,0.0,0.083,0.042,0.0,0.298,0.042,0.042,-0.145,0.0,0.0,-0.425,0.083,0.0,0.483,0.0,0.0,0.029,0.042,0.0,0.384,0.333,0.167
feat03685,speed,0.288,1,0,0.204,0.0,0.0,0.419,0.042,0.0,0.384,0.0,0.0,0.042,0.083,0.042,0.245,0.042,0.0,0.384,0.042,0.0,0.137,0.042,0.0,-0.047,0.0,0.0,0.456,0.042,0.0,0.562,0.333,0.167
feat04624,accel_mag,0.287,0,0,-0.849,0.042,0.0,-0.269,0.042,0.0,0.397,0.0,0.0,0.082,0.083,0.042,-0.074,0.042,0.0,0.213,0.0,0.0,-0.181,0.042,0.0,0.403,0.0,0.0,0.26,0.042,0.0,0.146,0.167,0.125
feat05955,vel_x,0.284,1,0,0.139,0.0,0.0,-0.27,0.042,0.0,0.355,0.0,0.0,-0.696,0.125,0.042,0.141,0.042,0.0,-0.266,0.042,0.0,0.352,0.083,0.0,-0.168,0.0,0.0,-0.224,0.042,0.0,-0.228,0.292,0.125
feat05303,speed,0.28,0,0,0.081,0.0,0.0,-0.04,0.042,0.0,-0.006,0.0,0.0,-0.474,0.125,0.042,-0.414,0.042,0.0,0.735,0.083,0.0,0.044,0.042,0.0,0.254,0.0,0.0,0.61,0.125,0.042,0.146,0.167,0.083
feat03058,vel_x,0.274,0,0,0.308,0.0,0.0,-0.015,0.042,0.0,-0.504,0.0,0.0,-0.33,0.083,0.042,0.065,0.042,0.0,0.489,0.083,0.0,0.238,0.083,0.0,-0.538,0.0,0.0,0.109,0.042,0.0,0.144,0.167,0.083
feat00735,accel_mag,0.265,0,0,0.537,0.042,0.0,-0.579,0.042,0.0,-0.446,0.0,0.0,0.353,0.125,0.0,-0.037,0.042,0.0,0.028,0.0,0.0,-0.361,0.083,0.0,0.037,0.0,0.0,-0.179,0.042,0.0,0.092,0.167,0.083
feat01903,speed,0.265,0,0,-0.019,0.0,0.0,-0.081,0.042,0.0,0.382,0.0,0.0,-0.11,0.083,0.042,-0.345,0.042,0.0,0.202,0.0,0.0,0.751,0.083,0.0,0.414,0.0,0.0,0.256,0.042,0.0,-0.088,0.167,0.083
feat05622,speed,0.263,1,0,-0.174,0.0,0.0,0.146,0.042,0.0,-0.005,0.0,0.0,-0.636,0.125,0.042,-0.014,0.042,0.0,-0.281,0.042,0.0,0.171,0.042,0.0,-0.192,0.0,0.0,0.561,0.125,0.083,-0.45,0.333,0.042
feat02509,accel_mag,0.257,1,0,0.053,0.0,0.0,-0.293,0.042,0.0,-0.165,0.0,0.0,-0.217,0.083,0.042,0.471,0.042,0.042,-0.073,0.0,0.0,-0.094,0.042,0.0,0.555,0.0,0.0,-0.476,0.083,0.042,0.169,0.25,0.125
feat03280,accel_mag,0.25,0,0,-0.598,0.042,0.0,-0.116,0.042,0.0,-0.016,0.0,0.0,-0.219,0.083,0.042,0.04,0.042,0.0,-0.081,0.0,0.0,0.331,0.083,0.0,0.511,0.0,0.0,0.438,0.042,0.0,0.147,0.167,0.083
feat03636,speed,0.248,0,0,-0.222,0.0,0.0,0.125,0.042,0.0,-0.485,0.0,0.0,0.286,0.083,0.0,-0.339,0.042,0.0,0.387,0.042,0.0,-0.463,0.083,0.0,-0.162,0.0,0.0,-0.005,0.042,0.042,0.007,0.167,0.083
feat00326,accel_mag,0.243,0,0,0.255,0.0,0.0,-0.399,0.042,0.0,-0.028,0.0,0.0,-0.265,0.083,0.042,0.181,0.042,0.0,0.096,0.0,0.0,0.572,0.083,0.0,0.236,0.0,0.0,0.37,0.042,0.0,0.024,0.167,0.083
feat03908,accel_mag,0.239,1,0,-0.146,0.0,0.0,0.017,0.042,0.0,0.295,0.0,0.0,-0.197,0.083,0.042,0.026,0.042,0.0,0.317,0.042,0.0,0.587,0.083,0.0,0.109,0.0,0.0,0.278,0.042,0.042,-0.415,0.333,0.125
feat05321,speed,0.239,1,0,0.183,0.0,0.0,0.296,0.042,0.0,0.268,0.0,0.0,0.127,0.042,0.0,0.255,0.042,0.0,-0.099,0.0,0.0,0.014,0.042,0.0,-0.201,0.0,0.0,0.656,0.125,0.042,0.287,0.292,0.125
feat00056,speed,0.226,0,0,-0.041,0.0,0.0,0.136,0.042,0.0,0.373,0.0,0.0,-0.117,0.0,0.0,-0.314,0.042,0.0,-0.001,0.0,0.0,0.422,0.083,0.0,0.398,0.0,0.0,-0.406,0.083,0.042,-0.05,0.167,0.125
feat02211,speed,0.22,0,0,0.035,0.0,0.0,-0.114,0.042,0.0,0.479,0.0,0.0,0.335,0.125,0.0,0.256,0.042,0.0,0.374,0.042,0.0,-0.216,0.083,0.0,-0.203,0.0,0.0,-0.016,0.042,0.0,0.176,0.167,0.083
feat04974,accel_mag,0.219,0,0,0.3,0.0,0.0,0.053,0.042,0.0,-0.393,0.0,0.0,-0.229,0.083,0.042,-0.004,0.042,0.0,0.189,0.0,0.0,0.384,0.083,0.0,0.224,0.0,0.0,-0.265,0.042,0.0,0.147,0.167,0.083
feat04870,vel_y,0.202,0,0,0.198,0.0,0.0,0.533,0.042,0.0,0.181,0.0,0.0,-0.021,0.083,0.042,-0.326,0.042,0.0,-0.236,0.042,0.0,-0.075,0.042,0.0,0.085,0.0,0.0,0.271,0.042,0.042,0.095,0.167,0.083
feat05087,accel_mag,0.193,1,0,-0.25,0.0,0.0,0.274,0.042,0.0,-0.01,0.0,0.0,-0.113,0.0,0.0,-0.432,0.042,0.0,-0.288,0.042,0.0,0.0,0.042,0.0,-0.25,0.0,0.0,-0.015,0.042,0.0,-0.294,0.292,0.125
feat05785,vel_x,0.162,1,0,0.272,0.0,0.0,-0.035,0.042,0.0,-0.169,0.0,0.0,-0.232,0.083,0.042,-0.213,0.042,0.0,0.104,0.0,0.0,-0.038,0.042,0.0,0.321,0.0,0.0,0.037,0.042,0.042,-0.195,0.292,0.0
feat03974,speed,0.154,0,0,-0.02,0.0,0.0,-0.021,0.042,0.0,0.378,0.0,0.0,-0.006,0.0,0.0,-0.214,0.042,0.0,-0.253,0.042,0.0,0.314,0.083,0.0,-0.25,0.0,0.0,-0.031,0.042,0.0,0.051,0.167,0.083
feat00648,speed,0.13,0,0,-0.017,0.0,0.0,0.211,0.042,0.0,-0.325,0.0,0.0,-0.218,0.083,0.042,-0.258,0.042,0.0,0.022,0.0,0.0,-0.11,0.042,0.0,0.067,0.0,0.0,0.038,0.042,0.0,0.037,0.167,0.083
